-- Datasets

-- customers
INSERT INTO customers (customer_id, customer_name, reg_date) VALUES
(1, 'John Doe', '2023-01-15'),
(2, 'Jane Smith', '2024-03-22'),
(3, 'Michael Johnson', '2022-06-10'),
(4, 'Emily Davis', '2021-09-05'),
(5, 'David Wilson', '2020-07-25'),
(6, 'Sophia Martinez', '2023-04-13'),
(7, 'Daniel Brown', '2022-11-30'),
(8, 'Olivia Garcia', '2021-02-17'),
(9, 'James Miller', '2024-05-19'),
(10, 'Isabella Anderson', '2020-10-11'),
(11, 'Alexander Thomas', '2023-07-29'),
(12, 'Mia Lee', '2022-01-08'),
(13, 'Benjamin Harris', '2021-12-14'),
(14, 'Charlotte Young', '2023-08-03'),
(15, 'Elijah Walker', '2020-03-09'),
(16, 'Amelia Hall', '2023-09-26'),
(17, 'Lucas Hernandez', '2021-04-23'),
(18, 'Ava King', '2022-07-15'),
(19, 'William Wright', '2023-12-21'),
(20, 'Harper Lopez', '2022-10-07'),
(21, 'Henry Scott', '2024-02-01'),
(22, 'Evelyn Green', '2021-11-19'),
(23, 'Liam Baker', '2020-05-30'),
(24, 'Scarlett Adams', '2023-03-12'),
(25, 'Mason Gonzalez', '2022-08-24'),
(26, 'Layla Nelson', '2021-06-16'),
(27, 'Ethan Carter', '2024-04-05'),
(28, 'Aria Mitchell', '2020-12-29'),
(29, 'Noah Perez', '2022-09-18'),
(30, 'Grace Roberts', '2023-11-02');
select * from customers;

-- restaurants
INSERT INTO restaurants (restaurant_id, restaurant_name, city, opening_hours) VALUES
(1, 'Pizza Palace', 'New York', '10:00 AM - 11:00 PM'),
(2, 'Burger Haven', 'Los Angeles', '11:00 AM - 12:00 AM'),
(3, 'Sushi Central', 'San Francisco', '12:00 PM - 10:00 PM'),
(4, 'Taco Fiesta', 'Houston', '9:00 AM - 11:00 PM'),
(5, 'Curry Delight', 'Chicago', '11:00 AM - 10:30 PM'),
(6, 'BBQ House', 'Austin', '10:00 AM - 12:00 AM'),
(7, 'Pasta Perfection', 'Miami', '12:00 PM - 11:00 PM'),
(8, 'Salad Stop', 'Seattle', '8:00 AM - 8:00 PM'),
(9, 'Steak Master', 'Denver', '11:30 AM - 10:00 PM'),
(10, 'Vegan Bistro', 'Portland', '9:00 AM - 9:00 PM'),
(11, 'Dim Sum Corner', 'Boston', '10:30 AM - 9:30 PM'),
(12, 'Ramen Express', 'Las Vegas', '12:00 PM - 11:30 PM'),
(13, 'Indian Spices', 'Atlanta', '11:00 AM - 10:00 PM'),
(14, 'Seafood Shack', 'San Diego', '11:00 AM - 10:00 PM'),
(15, 'Bagel Brothers', 'Philadelphia', '6:00 AM - 2:00 PM');
select * from restaurants;

-- orders
INSERT INTO orders (order_id, customer_id, restaurant_id, order_item, order_date, order_time, order_status, total_amount) VALUES
(1, 5, 3, 'Sushi Roll', '2024-09-01', '12:15:00', 'Delivered', 15.75),
(2, 2, 7, 'Caesar Salad', '2024-09-02', '13:45:00', 'Pending', 9.50),
(3, 8, 1, 'Pepperoni Pizza', '2024-09-03', '18:30:00', 'Delivered', 12.00),
(4, 3, 6, 'BBQ Ribs', '2024-09-04', '19:00:00', 'Cancelled', 22.00),
(5, 10, 4, 'Beef Taco', '2024-09-05', '20:00:00', 'Delivered', 8.99),
(6, 7, 2, 'Cheeseburger', '2024-09-06', '21:15:00', 'Delivered', 11.50),
(7, 4, 9, 'Steak Dinner', '2024-09-07', '22:00:00', 'Pending', 25.00),
(8, 6, 8, 'Vegan Burger', '2024-09-08', '12:00:00', 'Delivered', 13.75),
(9, 1, 14, 'Fish Tacos', '2024-09-09', '13:00:00', 'Delivered', 14.00),
(10, 9, 12, 'Pork Dumplings', '2024-09-10', '14:30:00', 'Delivered', 11.25),
(11, 11, 5, 'Chicken Curry', '2024-09-11', '15:45:00', 'Cancelled', 16.50),
(12, 12, 13, 'Paneer Tikka', '2024-09-12', '16:00:00', 'Pending', 12.50),
(13, 13, 10, 'Veggie Pizza', '2024-09-13', '17:30:00', 'Delivered', 14.00),
(14, 14, 11, 'Shrimp Fried Rice', '2024-09-14', '18:00:00', 'Delivered', 17.75),
(15, 15, 15, 'Bagel with Cream Cheese', '2024-09-15', '09:00:00', 'Delivered', 4.50),
(16, 5, 8, 'Greek Salad', '2024-09-16', '10:30:00', 'Cancelled', 10.00),
(17, 2, 3, 'Tonkotsu Ramen', '2024-09-17', '11:00:00', 'Pending', 13.25),
(18, 8, 6, 'Pulled Pork Sandwich', '2024-09-18', '12:00:00', 'Delivered', 12.75),
(19, 3, 1, 'Margherita Pizza', '2024-09-19', '13:30:00', 'Delivered', 11.00),
(20, 10, 4, 'Chicken Burrito', '2024-09-20', '14:15:00', 'Delivered', 9.50),
(21, 7, 7, 'Pasta Primavera', '2024-09-21', '15:00:00', 'Pending', 14.50),
(22, 4, 2, 'Double Cheeseburger', '2024-09-22', '16:00:00', 'Cancelled', 12.75),
(23, 6, 9, 'Ribeye Steak', '2024-09-23', '17:30:00', 'Delivered', 27.00),
(24, 1, 13, 'Chana Masala', '2024-09-24', '18:00:00', 'Delivered', 11.50),
(25, 9, 5, 'Butter Chicken', '2024-09-25', '19:00:00', 'Pending', 15.25),
(26, 11, 8, 'Falafel Wrap', '2024-09-26', '20:00:00', 'Delivered', 10.00),
(27, 12, 3, 'Spaghetti Carbonara', '2024-09-27', '21:00:00', 'Cancelled', 13.50),
(28, 13, 10, 'Margherita Pizza', '2024-09-28', '22:30:00', 'Delivered', 11.25),
(29, 14, 11, 'Peking Duck', '2024-09-29', '23:00:00', 'Pending', 20.00),
(30, 15, 12, 'Spring Rolls', '2024-09-30', '12:00:00', 'Delivered', 8.75),
(31, 5, 6, 'Buffalo Wings', '2024-10-01', '13:30:00', 'Delivered', 11.25),
(32, 2, 7, 'Chicken Caesar Salad', '2024-10-02', '14:00:00', 'Cancelled', 10.75),
(33, 8, 1, 'Vegetarian Pizza', '2024-10-03', '15:00:00', 'Delivered', 12.50),
(34, 3, 4, 'Fish and Chips', '2024-10-04', '16:00:00', 'Pending', 14.00),
(35, 10, 9, 'BBQ Chicken Pizza', '2024-10-05', '17:30:00', 'Delivered', 13.00),
(36, 7, 2, 'Classic Cheeseburger', '2024-10-06', '18:00:00', 'Cancelled', 11.00),
(37, 4, 8, 'Mushroom Risotto', '2024-10-07', '19:00:00', 'Delivered', 16.50),
(38, 6, 11, 'Lamb Gyro', '2024-10-08', '20:30:00', 'Pending', 14.00),
(39, 1, 12, 'Wonton Soup', '2024-10-09', '21:00:00', 'Delivered', 9.75),
(40, 9, 13, 'Paneer Butter Masala', '2024-10-10', '22:00:00', 'Delivered', 15.50),
(41, 11, 14, 'Vegetable Stir-Fry', '2024-10-11', '11:30:00', 'Pending', 12.00),
(42, 12, 5, 'BBQ Ribs', '2024-10-12', '12:00:00', 'Delivered', 18.25),
(43, 13, 7, 'Chicken Teriyaki', '2024-10-13', '13:15:00', 'Cancelled', 13.75),
(44, 14, 8, 'Spaghetti Bolognese', '2024-10-14', '14:00:00', 'Delivered', 14.25),
(45, 15, 9, 'Bagel with Lox', '2024-10-15', '15:30:00', 'Delivered', 10.50),
(46, 5, 3, 'Tuna Sashimi', '2024-10-16', '16:00:00', 'Pending', 16.00),
(47, 2, 6, 'Pork Schnitzel', '2024-10-17', '17:00:00', 'Delivered', 17.50),
(48, 8, 1, 'Margherita Pizza', '2024-10-18', '18:00:00', 'Cancelled', 11.00),
(49, 3, 4, 'Crispy Chicken Sandwich', '2024-10-19', '19:00:00', 'Delivered', 12.75),
(50, 10, 7, 'Pork Tacos', '2024-10-20', '20:00:00', 'Pending', 9.00),
(51, 7, 8, 'Falafel Plate', '2024-10-21', '21:00:00', 'Delivered', 11.25),
(52, 4, 11, 'Chicken Shawarma', '2024-10-22', '22:00:00', 'Delivered', 13.00),
(53, 6, 12, 'Dim Sum', '2024-10-23', '12:00:00', 'Cancelled', 12.50),
(54, 1, 5, 'Beef Stroganoff', '2024-10-24', '13:30:00', 'Pending', 14.75),
(55, 9, 8, 'Vegetarian Stir-Fry', '2024-10-25', '14:00:00', 'Delivered', 12.00),
(56, 11, 3, 'Gyoza', '2024-10-26', '15:00:00', 'Delivered', 9.50),
(57, 12, 4, 'Ratatouille', '2024-10-27', '16:30:00', 'Pending', 15.00),
(58, 13, 7, 'BBQ Pulled Pork', '2024-10-28', '17:00:00', 'Delivered', 14.50),
(59, 14, 9, 'Pancakes', '2024-10-29', '18:00:00', 'Delivered', 8.25),
(60, 15, 10, 'Chicken Noodle Soup', '2024-10-30', '19:30:00', 'Cancelled', 10.00),
(61, 5, 11, 'Cheese Platter', '2024-11-01', '20:00:00', 'Pending', 16.00),
(62, 2, 12, 'Beef Empanadas', '2024-11-02', '21:30:00', 'Delivered', 11.50),
(63, 8, 5, 'Chicken Caesar Salad', '2024-11-03', '22:00:00', 'Cancelled', 12.00),
(64, 3, 6, 'Fish Tacos', '2024-11-04', '11:30:00', 'Delivered', 14.00),
(65, 10, 9, 'Vegetarian Lasagna', '2024-11-05', '12:00:00', 'Pending', 13.75),
(66, 7, 1, 'Cheeseburger', '2024-11-06', '13:30:00', 'Delivered', 11.00),
(67, 4, 8, 'Moussaka', '2024-11-07', '14:00:00', 'Cancelled', 15.00),
(68, 6, 11, 'Pork Belly', '2024-11-08', '15:30:00', 'Delivered', 18.25),
(69, 1, 14, 'Vegetable Korma', '2024-11-09', '16:00:00', 'Pending', 12.50),
(70, 9, 7, 'Banh Mi', '2024-11-10', '17:30:00', 'Delivered', 10.75),
(71, 11, 2, 'Hummus Plate', '2024-11-11', '18:00:00', 'Delivered', 9.00),
(72, 12, 3, 'Peking Duck', '2024-11-12', '19:00:00', 'Pending', 22.00),
(73, 13, 8, 'Buffalo Wings', '2024-11-13', '20:00:00', 'Delivered', 12.25),
(74, 14, 4, 'Sweet and Sour Chicken', '2024-11-14', '21:00:00', 'Delivered', 13.00),
(75, 15, 5, 'Breakfast Burrito', '2024-11-15', '22:30:00', 'Cancelled', 10.00),
(76, 5, 7, 'Fried Rice', '2024-11-16', '11:00:00', 'Delivered', 12.00),
(77, 2, 8, 'Falafel Wrap', '2024-11-17', '12:30:00', 'Pending', 11.50),
(78, 8, 11, 'Lentil Soup', '2024-11-18', '13:45:00', 'Delivered', 10.25),
(79, 3, 2, 'Chicken Fajitas', '2024-11-19', '14:30:00', 'Cancelled', 13.75),
(80, 10, 4, 'Seafood Paella', '2024-11-20', '15:00:00', 'Delivered', 18.00),
(81, 7, 5, 'Grilled Cheese Sandwich', '2024-11-21', '16:00:00', 'Delivered', 8.75),
(82, 4, 9, 'Lamb Chops', '2024-11-22', '17:30:00', 'Pending', 20.00),
(83, 6, 12, 'Mushroom Soup', '2024-11-23', '18:00:00', 'Delivered', 9.50),
(84, 1, 3, 'Spaghetti Bolognese', '2024-11-24', '19:00:00', 'Delivered', 13.25),
(85, 9, 6, 'Chicken Parmesan', '2024-11-25', '20:30:00', 'Cancelled', 15.00),
(86, 11, 7, 'BBQ Chicken Wings', '2024-11-26', '21:00:00', 'Delivered', 11.75),
(87, 12, 8, 'Pork Belly Ramen', '2024-11-27', '22:00:00', 'Pending', 14.50),
(88, 13, 9, 'Veggie Stir-Fry', '2024-11-28', '12:00:00', 'Delivered', 12.25),
(89, 14, 10, 'Grilled Salmon', '2024-11-29', '13:30:00', 'Delivered', 17.00),
(90, 15, 11, 'Bagel with Smoked Salmon', '2024-11-30', '14:00:00', 'Cancelled', 12.00),
(91, 5, 12, 'Vegetarian Sushi', '2024-12-01', '15:00:00', 'Delivered', 14.50),
(92, 2, 5, 'Chicken Quesadilla', '2024-12-02', '16:30:00', 'Pending', 10.75),
(93, 8, 6, 'Spicy Tuna Roll', '2024-12-03', '17:00:00', 'Delivered', 15.00),
(94, 3, 7, 'Lamb Gyro', '2024-12-04', '18:30:00', 'Delivered', 14.00),
(95, 10, 8, 'Pancake Stack', '2024-12-05', '19:00:00', 'Pending', 11.25),
(96, 7, 9, 'Cheese Pizza', '2024-12-06', '20:00:00', 'Delivered', 10.50),
(97, 4, 10, 'Chicken Satay', '2024-12-07', '21:00:00', 'Cancelled', 12.25),
(98, 6, 11, 'Beef Stroganoff', '2024-12-08', '22:00:00', 'Delivered', 16.00),
(99, 1, 12, 'Pork Tacos', '2024-12-09', '11:30:00', 'Pending', 10.00),
(100, 9, 5, 'Vegetable Soup', '2024-12-10', '12:00:00', 'Delivered', 8.75);
select * from orders;

-- riders
INSERT INTO riders (rider_id, rider_name, sign_up) VALUES
(1, 'Alice Johnson', '2023-01-10'),
(2, 'Bob Smith', '2023-02-15'),
(3, 'Charlie Brown', '2023-03-20'),
(4, 'David Wilson', '2023-04-25'),
(5, 'Emily Davis', '2023-05-30'),
(6, 'Frank Miller', '2023-06-12'),
(7, 'Grace Lee', '2023-07-18'),
(8, 'Henry Clark', '2023-08-22'),
(9, 'Ivy Martinez', '2023-09-05'),
(10, 'Jack Thompson', '2023-10-16');
select * from riders;

-- deliveries
INSERT INTO deliveries (delivery_id, order_id, delivery_status, delivery_time, rider_id) VALUES
(1, 1, 'Delivered', '12:15:00', 1),
(2, 2, 'Pending', '13:45:00', 2),
(3, 3, 'Delivered', '18:30:00', 3),
(4, 4, 'Cancelled', '19:00:00', 4),
(5, 5, 'Delivered', '20:00:00', 5),
(6, 6, 'Delivered', '21:15:00', 6),
(7, 7, 'Pending', '22:00:00', 7),
(8, 8, 'Delivered', '12:00:00', 8),
(9, 9, 'Delivered', '13:00:00', 9),
(10, 10, 'Delivered', '14:30:00', 10),
(11, 11, 'Cancelled', '15:45:00', 1),
(12, 12, 'Pending', '16:00:00', 2),
(13, 13, 'Delivered', '17:30:00', 3),
(14, 14, 'Delivered', '18:00:00', 4),
(15, 15, 'Delivered', '09:00:00', 5),
(16, 16, 'Cancelled', '10:30:00', 6),
(17, 17, 'Pending', '11:00:00', 7),
(18, 18, 'Delivered', '12:00:00', 8),
(19, 19, 'Delivered', '13:30:00', 9),
(20, 20, 'Delivered', '14:15:00', 10),
(21, 21, 'Pending', '15:00:00', 1),
(22, 22, 'Cancelled', '16:00:00', 2),
(23, 23, 'Delivered', '17:30:00', 3),
(24, 24, 'Delivered', '18:00:00', 4),
(25, 25, 'Delivered', '19:00:00', 5),
(26, 26, 'Delivered', '20:00:00', 6),
(27, 27, 'Cancelled', '21:00:00', 7),
(28, 28, 'Delivered', '22:30:00', 8),
(29, 29, 'Pending', '12:00:00', 9),
(30, 30, 'Delivered', '13:30:00', 10),
(31, 31, 'Delivered', '14:15:00', 1),
(32, 32, 'Cancelled', '15:00:00', 2),
(33, 33, 'Delivered', '16:00:00', 3),
(34, 34, 'Pending', '17:30:00', 4),
(35, 35, 'Delivered', '18:00:00', 5),
(36, 36, 'Cancelled', '19:00:00', 6),
(37, 37, 'Delivered', '20:00:00', 7),
(38, 38, 'Delivered', '21:30:00', 8),
(39, 39, 'Pending', '12:00:00', 9),
(40, 40, 'Delivered', '13:00:00', 10),
(41, 41, 'Delivered', '14:30:00', 1),
(42, 42, 'Cancelled', '15:45:00', 2),
(43, 43, 'Delivered', '16:00:00', 3),
(44, 44, 'Pending', '17:00:00', 4),
(45, 45, 'Delivered', '18:00:00', 5),
(46, 46, 'Delivered', '19:30:00', 6),
(47, 47, 'Cancelled', '20:00:00', 7),
(48, 48, 'Delivered', '21:00:00', 8),
(49, 49, 'Pending', '12:00:00', 9),
(50, 50, 'Delivered', '13:30:00', 10),
(51, 51, 'Delivered', '14:15:00', 1),
(52, 52, 'Cancelled', '15:00:00', 2),
(53, 53, 'Delivered', '16:30:00', 3),
(54, 54, 'Pending', '17:00:00', 4),
(55, 55, 'Delivered', '18:00:00', 5),
(56, 56, 'Cancelled', '19:30:00', 6),
(57, 57, 'Delivered', '20:00:00', 7),
(58, 58, 'Delivered', '21:00:00', 8),
(59, 59, 'Pending', '12:00:00', 9),
(60, 60, 'Delivered', '13:30:00', 10),
(61, 61, 'Delivered', '14:00:00', 1),
(62, 62, 'Cancelled', '15:00:00', 2),
(63, 63, 'Delivered', '16:30:00', 3),
(64, 64, 'Pending', '17:00:00', 4),
(65, 65, 'Delivered', '18:00:00', 5),
(66, 66, 'Cancelled', '19:30:00', 6),
(67, 67, 'Delivered', '20:00:00', 7),
(68, 68, 'Delivered', '21:00:00', 8),
(69, 69, 'Pending', '12:00:00', 9),
(70, 70, 'Delivered', '13:30:00', 10),
(71, 71, 'Delivered', '14:00:00', 1),
(72, 72, 'Cancelled', '15:00:00', 2),
(73, 73, 'Delivered', '16:30:00', 3),
(74, 74, 'Pending', '17:00:00', 4),
(75, 75, 'Delivered', '18:00:00', 5),
(76, 76, 'Cancelled', '19:30:00', 6),
(77, 77, 'Delivered', '20:00:00', 7),
(78, 78, 'Delivered', '21:00:00', 8),
(79, 79, 'Pending', '12:00:00', 9),
(80, 80, 'Delivered', '13:30:00', 10),
(81, 81, 'Delivered', '14:00:00', 1),
(82, 82, 'Cancelled', '15:00:00', 2),
(83, 83, 'Delivered', '16:30:00', 3),
(84, 84, 'Pending', '17:00:00', 4),
(85, 85, 'Delivered', '18:00:00', 5),
(86, 86, 'Cancelled', '19:30:00', 6),
(87, 87, 'Delivered', '20:00:00', 7),
(88, 88, 'Delivered', '21:00:00', 8),
(89, 89, 'Pending', '12:00:00', 9),
(90, 90, 'Delivered', '13:30:00', 10),
(91, 91, 'Delivered', '14:00:00', 1),
(92, 92, 'Cancelled', '15:00:00', 2),
(93, 93, 'Delivered', '16:30:00', 3),
(94, 94, 'Pending', '17:00:00', 4),
(95, 95, 'Delivered', '18:00:00', 5),
(96, 96, 'Cancelled', '19:30:00', 6),
(97, 97, 'Delivered', '20:00:00', 7),
(98, 98, 'Delivered', '21:00:00', 8),
(99, 99, 'Pending', '12:00:00', 9),
(100, 100, 'Delivered', '13:30:00', 10);
select * from deliveries;



-- Adding more records in orders table
-- Insert new orders that haven't been delivered
INSERT INTO orders (order_id, customer_id, restaurant_id, order_item, order_date, order_time, order_status, total_amount)
VALUES 
(101, 5, 10, 'Spaghetti Carbonara', '2023-09-01', '12:15:00', 'Pending', 25.50),
(102, 8, 3, 'Burger', '2023-09-02', '18:30:00', 'Pending', 15.00),
(103, 7, 2, 'Pizza', '2023-09-03', '14:45:00', 'Pending', 20.00),
(104, 10, 4, 'Sushi', '2023-09-04', '19:00:00', 'Preparing', 35.00),
(105, 9, 9, 'Salad', '2023-09-05', '13:00:00', 'Pending', 12.00),
(106, 3, 7, 'Grilled Chicken', '2023-09-06', '11:30:00', 'Preparing', 18.75),
(107, 6, 6, 'Steak', '2023-09-07', '20:15:00', 'Cancelled', 30.00),
(108, 1, 8, 'Pasta', '2023-09-08', '17:00:00', 'Pending', 22.50),
(109, 2, 5, 'Soup', '2023-09-09', '12:00:00', 'Preparing', 10.00),
(110, 4, 1, 'Tacos', '2023-09-10', '14:00:00', 'Pending', 17.00);

